{"cameraMode":{"drawMode":0,"name":"Shaded","section":"Shading Mode"},"sceneLighting":false,"audioPlay":false,"sceneViewState":{"showFog":true,"showMaterialUpdate":false,"showSkybox":true,"showFlares":true,"showImageEffects":true,"showParticleSystems":true},"in2DMode":false,"pivot":{"x":-3.7846689224243166,"y":1.3091106414794922,"z":3.420475959777832},"rotation":{"x":0.3517603278160095,"y":0.6389373540878296,"z":-0.4108976423740387,"w":0.5469797849655151},"size":15.13222599029541,"orthographic":false}