{"cameraMode":{"drawMode":0,"name":"Shaded","section":"Shading Mode"},"sceneLighting":false,"audioPlay":false,"sceneViewState":{"showFog":true,"showMaterialUpdate":false,"showSkybox":true,"showFlares":true,"showImageEffects":true,"showParticleSystems":true},"in2DMode":false,"pivot":{"x":-141.6416473388672,"y":186.5220489501953,"z":58.58518981933594},"rotation":{"x":-0.5581092238426209,"y":0.09898886829614639,"z":0.06728537380695343,"w":0.8210895657539368},"size":280.74835205078127,"orthographic":false}