{"cameraMode":{"drawMode":0,"name":"Shaded","section":"Shading Mode"},"sceneLighting":true,"audioPlay":false,"sceneViewState":{"showFog":true,"showMaterialUpdate":false,"showSkybox":true,"showFlares":true,"showImageEffects":true,"showParticleSystems":true},"in2DMode":false,"pivot":{"x":0.12661153078079225,"y":-109.62364959716797,"z":-15.444945335388184},"rotation":{"x":0.7344992160797119,"y":0.09323453903198242,"z":-0.10315928608179093,"w":0.664211094379425},"size":121.08800506591797,"orthographic":false}